Corruption,Clean mIoU,Corrupted mIoU,Gap,After Aug,Improvement,Baseline F1,Aug F1
fog,0.3533,0.1738,0.1795,0.2565,0.0827,0.2368,0.331
rain,0.3533,0.2358,0.1175,0.3137,0.0779,0.3213,0.4179
snow,0.3533,0.1597,0.1936,0.2927,0.133,0.2305,0.3916
brightness_drop,0.3533,0.1837,0.1696,0.2666,0.0829,0.2491,0.3565
contrast_loss,0.3533,0.1899,0.1634,0.2717,0.0818,0.2524,0.3553
shadow,0.3533,0.2586,0.0947,0.3213,0.0627,0.3518,0.4268
gaussian_noise,0.3533,0.1914,0.1619,0.2712,0.0798,0.253,0.3616
motion_blur,0.3533,0.2447,0.1086,0.2791,0.0344,0.3198,0.3587
jpeg_compress,0.3533,0.3254,0.0279,0.3463,0.0209,0.4163,0.4524
